id,userName,password,email
1,Carmon Francioli,59ab12a27cb510e8c006e0550589fad92364fb311c9e5bdfb9d04271a7f31439,cfrancioli0@cisco.com
2,Viola Sutworth,73d386a324a000d6c66fcf7d54177e2e9842ea7a0696c2c6c1ae70357babad0a,vsutworth1@gov.uk
3,Aldrich Franceschi,6d368e0ed044ecce9bed399f11a90c19b41951688907f81978f08809d7cbac7b,afranceschi2@zdnet.com
4,Tucky Levey,55895576a5ec570c323c27ed1f42492a43b78aa27a1dffa8882be3017c33d739,tlevey3@theglobeandmail.com
5,Benedetto Gyppes,e326c5189b57a041064f306d024bdbe9d3e5c31ad76f6c4f92cbb404be5d5873,bgyppes4@about.me
6,Christen Joao,092ad99edc80fd6c66ff53273c418e1187e3837613be44797e367a2f8351f993,cjoao5@woothemes.com
7,Donny Probyn,a3b77e54e3cf982baf01feed410c9c07ed5241963b9783a461b3a2812fd06712,dprobyn6@time.com
8,Catlaina Cesco,3c8da3a319647d049ed3cb3b306e4d63cc6a95efc816e296ecdef769af8e190b,ccesco7@economist.com
9,Dru Fulford,972235a9c31e0ad83d4f5a4dfb7539fe23b813415faa24607f81df214c3cd026,dfulford8@cisco.com
10,Neille Veall,c20f1fff897158f8e092d9f25da17543edbf942a069f3b8428724e0bbb3116f3,nveall9@parallels.com
11,Agosto Lewing,dc7349692021726cccb5e3afc8781c2616fc4ba526969caca5769a3acba9e82c,alewinga@technorati.com
12,Spencer Chazotte,ebb1f737a9b95ca22593dbdb86899acd1834f6b671fd8a94c06059970d0d51d9,schazotteb@columbia.edu
13,Neall Rumble,1859335d75f00e4e026f1a0da181eae17e382fc43ce6b7bd33b3ff835596f07a,nrumblec@washington.edu
14,Tymon Shrimptone,b39968d22fc6c45583101d3f915377544ab1a4de8a2628aa3c71ab933a6abdd3,tshrimptoned@printfriendly.com
15,Susie Gelland,d074515634967746eb8dea5903c59e231f748aba681de9bf8f56440d8f6bbd28,sgellande@china.com.cn
16,Reed Senechell,bdcb968b852e9d9c41eba0a0367d65cf3fbeeeed52d86861a36bac0c5e4eca30,rsenechellf@tmall.com
17,Dennie Marshal,c215e00b7ae088856a97eaa1f78914cc47bec6575df4c8b96926a8aae8da6eee,dmarshalg@weather.com
18,Marieann Bencher,4c8402b37654580bd7c0b8876f75ef527bdf2fc5253626bde42ccd7528552ebe,mbencherh@state.tx.us
19,Caty Hansel,988a7a1483c031b2bd609780ba81757a08e059a6d8be488b7c4c65bb6628e986,chanseli@about.me
20,Phillie Mettricke,271e20240b3d471502732b3572e3f74b4d0698de167100ae131bb0282023b388,pmettrickej@1und1.de
21,Freddi Colten,efa130580b90df5f9287b3d5e98895e1d8603e73b646680d287baef1a50f2936,fcoltenk@statcounter.com
22,Putnem Foxworthy,3621cd1077f6ece38d8bf3a9ef9ac1622ea75b931d4b0ef8e89302ea7b1d8a74,pfoxworthyl@odnoklassniki.ru
23,Hilary Thomassen,609c5dd86f6294efb11596d50cbb0b7d0c2dae9053ddcf02fe4f887917fc8f72,hthomassenm@pinterest.com
24,Jori Upcott,842e5aa8f3319087c91e1502af148506649fc6d6e55a25a33566956c70f81049,jupcottn@csmonitor.com
25,Dodi Trudgian,d2da72f2aae004dcef0f0faefd36e1f4b1f01f38a75b34386e959755795ae6c0,dtrudgiano@ehow.com
26,Francoise Beswetherick,47a8e8879b02bfb49419860d51b371016f6e0a1ee178d68d04b91c10783fccfd,fbeswetherickp@unblog.fr
27,Erin Teal,e94d656345d48f6e9ac10a6ee81b44b47ebc789b8ade90255034fa99fbf3af42,etealq@t-online.de
28,Winifred Hucks,bca57b29f4da4a8e5b1878e0df63e250e9493ad791b6bc66bb121803a4286295,whucksr@yelp.com
29,Delmer Cruise,2040a66daf932587e08455516f98894585be3905a13ef4252cce72057143f300,dcruises@ustream.tv
30,Joe Kiff,aa6e671e910c5cbdbc23ee4a6fac45a1e8014c25c132abb1a9ddbaafdf7f5e9a,jkifft@google.nl
